{"test 2": {"total": 50, "count": 7, "times": [1.1865460872650146, 0.4053628444671631, 0.3229095935821533, 5.771624326705933, 0.5293169021606445, 1.5112769603729248], "start_time": 1750324814.0003533}}